page,hits
/~achernii/maintenance.html,3
/~achernii/css/style.css,152
/~achernii/queries.html,16
/~achernii/query/threads_by_category.html,4
/~achernii/img/select-arrow.svg,7
/~achernii/api/index.php,33
/~achernii/api/queries.php,23
/~achernii/query/feedback.html,11
/~achernii/query/most_liked_threads.html,9
/~achernii/query/reported_posts.html,5
/~ntaha/search/category.php,3
/favicon.ico,97
/~ntaha/search/category_b.php,1
/~achernii/,42
/~ntaha/search/cb.php,2
/~ntaha/search/results/category.php,4
/~ntaha/css/style.css,18
/~ntaha/img/logo_main.png,18
/~ntaha/search/results/cb.php,6
/~ntaha/search/details/category.php,1
/~ntaha/search/details/event.php,1
/,33
/~nakbogha/EasySearch_php/search_result.php,10
/~nakbogha/style.css,6
/~nakbogha/logo_re.png,3
/~nakbogha/index.html,2
/~nakbogha/EasySearch_php/search_hotel_form.php,6
/~nakbogha/EasySearch_php/search_form.php,23
/~nakbogha/EasySearch_php/style.css,3
/~nakbogha/EasySearch_php/logo_re.png,15
/~nakbogha/EasySearch_php/search_detail.php,4
/~achernii/img/logo.png,74
/~achernii/js/theme.js,66
/~achernii/query/entity_description.html,21
/~achernii/query/api/index.php,4
/~achernii/index.html,27
/~achernii/imprint.html,5
/~ajalilova/,18
/~mpico/,1
/~emati/,2
/~emati/styles.css,1
/~emati/images/logo.png,1
/~emati/imprint.html,1
/~emati/images/world_simple_jigsaw.JPG,9
/~emati/index.html,1
/~emati/Index.html,2
/~abhave/index.html,1
/~iftaiti/index.html,1
/~iftaiti/styles.css,1
/~iftaiti/images/logo.png,4
/~iftaiti/imprint.html,1
/~iftaiti/images/world_simple_jigsaw.JPG,2
/~iftaiti/Index.html,1
/~tnana/imprint.html,1
/~ntsignadze/imprint.html,1
/~ajalilova,18
/~lmoldovan,2
/~lmoldovan/The-flask-app/,4
/server-info,1
/~vmoldovean,1
/~vmoldovean/,1
/~vmoldovean/style.css,1
/~vmoldovean/campus_logo.png,1
*,52
/~ycao/search_long_term/search_longterm.php,2
/~ycao/search_long_term/style.css,2
/~ycao/search_long_term/img/logo.jpg,2
/~ycao/search_injury_record/results.php,1
/~ycao/style.css,12
/~ycao/img/logo.jpg,11
/~ycao/img/back.jpg,12
/~ycao/search_injury_record/index.html,1
/~ycao/index.html,13
/~mgherasi/index.html,1
/~mgherasi/,1
/~rbelache,2
/~rbelache/,1
/~srasool,1
/~srasool/,1
/~srasool/style.css,1
/~srasool/images/sle_logo.png,1
/~srasool/Maintenance.php,2
/~srasool/Tos.php,1
/~srasool/Exam.php,2
/~syonuz/,1
/~ntaha/,23
/~ntaha/search/,14
/~ntaha/github/,1
/~ymaniar/,1
/~hessahli/,1
/~hessahli/img/logo.png,38
/~hessahli/style.css,6
/~hessahli/search_form_1.php,4
/~hessahli/search_result_1.php,4
/~ycao/search.html,12
/~ycao/s_1.html,3
/~ycao/r_1.html,1
/~ycao/sd_1.html,1
/~ycao/,5
/~ycao/athlete/new.php,1
/~ycao/a_Users.php,3
/~ycao/r_Users.php,8
/~hessahli/search_form_3.php,1
/~hessahli/search_result_3.php,1
/~kkonark/,2
/~kkonark/HW6/index.html,1
/~kkonark/HW6/site_style.css,2
/~kkonark/HW4/img/UACS_logo.png,2
/~kkonark/HW6/search_user.html,1
/~kkonark/HW6/search_user.php,2
/~kkonark/portal_style.css,2
/~idzneladze/,9
/~idzneladze/css/style.css,1
/~idzneladze/javascript/script.js,33
/~idzneladze/image/whitelogo.png,2
/~idzneladze/searches.html,5
/~idzneladze/css/main.css,29
/~idzneladze/searches/cheapwines_search.php,3
/~idzneladze/searches/cheapwines_list.php,2
/~idzneladze/searches/cheapwines_detail.php,5
/~idzneladze/searches/revenue_search.php,6
/~idzneladze/searches/revenue_list.php,5
/~idzneladze/searches/revenue_detail.php,3
/~idzneladze/searches/winemaker_search.php,1
/~idzneladze/css/winemaker.css,1
/~idzneladze/searches/winemaker_list.php,3
/~idzneladze/searches/winemaker_detail.php,2
/~idzneladze/index.html,13
/~idzneladze/imprint.html,3
/~idzneladze/main.html,5
/~idzneladze/forms/change_payment_type.php,11
/login.php,20
/~idzneladze/forms/change_winemaker.php,1
/~idzneladze/forms/login.php,2
/~idzneladze/login.php,44
/main.html,2
/WineWarehousePlus/create_admin.php,1
/idzneladze/create_admin.php,1
/idzneladze,1
/~idzneladze/create_admin.php,22
/~idzneladze,3
/~idzneladze/maintenance.php,4
/~idzneladze/forms/insert_wine.php,5
/~idzneladze/logout.php,4
/~anmata/lostandfound/index.html,10
/~anmata/lostandfound/style.css,4
/~anmata/lostandfound/img/lost.jpg,4
/~anmata/lostandfound/img/LOGO.png,4
/~anmata/lostandfound/maintenance.html,2
/~anmata/lostandfound/login.php,63
/~anmata/lostandfound/logout.php,4
/test.wsgi,1
/~ajalilova/test.wsgi,5
/~anmata/lostandfound/index.php,6
/~anmata/lostandfound/admin_seed.php,2
/~anmata/lostandfound/forms/input_admin.html,1
/~anmata/lostandfound/forms/input_user.html,1
/~idzneladze/searches/wine_search.php,3
/~idzneladze/searches/wine_list.php,2
/~fribadenei,1
/~fribadenei/,29
/icons/blank.gif,4
/icons/back.gif,4
/icons/text.gif,3
/icons/unknown.gif,2
/icons/folder.gif,4
/~fribadenei/flask_test_session.log,3
/~abhave,13
/~abhave/,302
/~abhave/index.php,2
/~abhave/api.py/get_langauges_scripts/,1
/~abhave/get_langauges_scripts/,1
/~abhave/_app/immutable/assets/0.LIoODnsg.css,5
/~abhave/_app/immutable/assets/Navbar.n6dySqTj.css,5
/~abhave/_app/immutable/assets/2.BOvoc1BX.css,5
/~abhave/_app/immutable/entry/start.nnzymdEm.js,3
/~abhave/_app/immutable/chunks/kXNxTmU5.js,3
/~abhave/_app/immutable/chunks/T8IE4xIB.js,3
/~abhave/_app/immutable/chunks/Dzn7DuoZ.js,3
/~abhave/_app/immutable/chunks/DIeogL5L.js,5
/~abhave/_app/immutable/chunks/CfIJ0JLY.js,3
/~abhave/_app/immutable/chunks/BQTkP6g7.js,3
/~abhave/_app/immutable/entry/app.C7rWlstT.js,3
/~abhave/_app/immutable/chunks/DsnmJJEf.js,5
/~abhave/_app/immutable/chunks/69_IOA4Y.js,5
/~abhave/_app/immutable/chunks/CfmyUL_b.js,3
/~abhave/_app/immutable/chunks/b3FhB_aE.js,3
/~abhave/_app/immutable/nodes/0.C6fMoBqI.js,3
/~abhave/_app/immutable/nodes/2.DhFkvFmF.js,3
/~abhave/_app/immutable/chunks/rhPJ7IMF.js,3
/_app/immutable/assets/logo.v-v8bEVS.png,9
/~abhave/_app/immutable/nodes/1.D7P3TOlk.js,3
/~abhave/api/get_langauges_scripts/,1
/~abhave/api.php/get_langauges_scripts/,1
/~abhave/api/get_languages_scripts/,2
/about,12
/management,8
/~anmata/lostandfound/search_form.php,4
/~anmata/lostandfound/search_results.php,1
/~kjurabaeve,3
/apple-touch-icon-precomposed.png,9
/apple-touch-icon.png,9
/~kjurabaev/maintenance.html,11
/~kjurabaev/auth-style.css,26
/~kjurabaev,2
/~kjurabaev/,6
/~kjurabaev/style.css,10
/~kjurabaev/logo.png,10
/~kjurabaev/Kamronbek.jpeg,10
/~kjurabaev/Taha.png,10
/~kjurabaev/Ahmed.png,10
/~kjurabaev/cgi-bin/form_generator.py,18
/~rcozmolici/,2
/~rcozmolici/style.css,2
/~rcozmolici/img/logo.jpg,2
/~rcozmolici/ass6/search_player.php,4
/~rcozmolici/ass6/player_detail.php,1
/~mstaykova/search.php,7
/~mstaykova/css/style.css,24
/~mstaykova/img/icon-search.png,4
/~mstaykova/img/icon-heart.png,1
/~mstaykova/img/icon-money.png,2
/~mstaykova/img/logo.png,24
/~mstaykova/search/search_high_cost.php,2
/~mstaykova/search/search_high_cost_results.php,1
/~mstaykova/search/top_favourites_form.php,4
/~mstaykova/search/top_favourites_result.php,3
/~mstaykova/search/search_hypoallergenic.php,5
/~mstaykova/search/search_hypoallergenic_results.php,3
/~kjurabaev/cgi-bin/process_form.py,3
/~mstaykova/index.html,2
/~mstaykova/img/icon-settings.png,1
/~mstaykova/img/hero-animals.png,3
/~hessahli/index.html,17
/~kjurabaev/index.html,5
/~wasin/,19
/~wasin/style.css,33
/~wasin/img/logo.jpg,33
/~wasin/img/back.jpg,33
/~wasin/search.html,5
/~wasin/s_3.html,1
/~wasin/s_2.html,1
/~wasin/sr_2.php,1
/~wasin/sd_2.php,1
/~wasin/maintenance.html,2
/~wasin/s_1.html,1
/~wasin/sr_1.php,1
/~mgherasim/,2
/~mgherasim/databaseassignment7/,3
/~mgherasim/databaseassignment7/Frame-by-Frame/,2
/~mgherasim/databaseassignment7/Frame-by-Frame/Assignment6/,1
/~mgherasim/databaseassignment7/Frame-by-Frame/Assignment6/style.css,1
/~mgherasim/databaseassignment7/Frame-by-Frame/Assignment6/img/logo.jpeg,1
/~mgherasim/databaseassignment7/Frame-by-Frame/Assignment6/project/maintenance.html,1
/~mgherasim/databasesassignment7/,1
/~mgherasim/databasesassignment7/Frame-by-Frame/,1
/~mgherasim/databasesassignment7/Frame-by-Frame/Assignment6/,1
/~mgherasim/databasesassignment7/Frame-by-Frame/Assignment6/style.css,1
/~mgherasim/databasesassignment7/Frame-by-Frame/Assignment6/img/logo.jpeg,1
/~ntaha/js/main.js,12
/~ntaha/img/lion.png,12
/~ntaha/img/ces.png,12
/~ntaha/img/christmas.png,12
/~ntaha/img/newyears.png,12
/~ntaha/img/vienna.png,12
/~ntaha/img/art.png,12
/~ntaha/img/times.png,12
/~ntaha/img/edin.png,12
/~ntaha/img/macy.png,12
/~ntaha/search/event.php,3
/~ntaha/search/results/event.php,5
/~ntaha/search/event_sold_out.php,2
/~ntaha/search/results/event_sold_out.php,2
/~ntaha/search/orders.php,3
/~ntaha/search/results/orders.php,2
/~naliyev/bookreviews_input_site/index.php,7
/~naliyev/bookreviews_input_site/style.css,6
/~naliyev/bookreviews_input_site/img/logo.png,6
/~naliyev/bookreviews_input_site/img/background.jpg,6
/~naliyev/bookreviews_input_site/search/books/books_search.php,2
/~naliyev/bookreviews_input_site/search/books/books_results.php,2
/~naliyev/bookreviews_input_site/search/authors/authors_search.php,1
/~naliyev/bookreviews_input_site/search/authors/authors_results.php,1
/~naliyev/bookreviews_input_site/search/reviews/reviews_search.php,2
/~naliyev/bookreviews_input_site/search/reviews/reviews_results.php,2
/~ycao/login.php,142
/~ycao/db_auth.php,18
/~ycao/maintenance.php,43
/~ycao/maintenance.html,7
/~ycao/r_Team.php,20
/~ycao/a_Team.php,3
/~hessahli/Github_link,1
/~hessahli/Github,1
/~hessahli/Link,1
/~hessahli/link,1
/~hessahli/github,1
/~ycao/sr_3.php,1
/~ycao/sr_2.php,1
/~ycao/a_Coach.php,1
/~ycao/a_Public.php,1
/~ycao/sd_1.php,1
/~ycao/s_3.html,1
/~ycao/1.txt,1
/~ycao/sr_1.php,1
/~ycao/sd_3.php,1
/~ycao/sd_2.php,1
/~ycao/imprint.html,1
/~ycao/s_2.html,2
/~ycao/r_Public.php,5
/~ycao/r_Staff.php,4
/~ycao/r_InjTyp.php,3
/~ycao/r_InjRec.php,2
/~ycao/r_MedTeam.php,2
/~ycao/logout.php,1
/~ycao/r_Athlete.php,2
/~ycao/r_Coach.php,2
/~ycao/a_MedTeam.php,2
/~ycao/img,1
/~ycao/db_connect.php,1
/~ycao/a_Athlete.php,2
/~ycao/a_InjRec.php,4
/~ycao/a_Staff.php,2
/~ycao/a_InjTyp.php,6
/~hessahli/sr_3.php,1
/~hessahli/a_Public.php,1
/~hessahli/sr_2.php,1
/~hessahli/sd_1.php,1
/~hessahli/1.txt,1
/~hessahli/a_Coach.php,1
/~hessahli/sr_1.php,1
/~hessahli/s_3.html,1
/~hessahli/search.html,1
/~hessahli/sd_2.php,1
/~hessahli/sd_3.php,1
/~hessahli/imprint.html,2
/~hessahli/s_1.html,1
/~hessahli/s_2.html,1
/~hessahli/r_Users.php,1
/~hessahli/r_Staff.php,1
/~hessahli/r_Team.php,1
/~hessahli/r_Public.php,1
/~hessahli/r_InjTyp.php,1
/~hessahli/r_MedTeam.php,1
/~hessahli/r_InjRec.php,1
/~hessahli/r_Athlete.php,1
/~hessahli/maintenance.php,8
/~hessahli/login.php,13
/~hessahli/logout.php,2
/~hessahli/r_Coach.php,1
/~hessahli/a_MedTeam.php,1
/~hessahli/db_connect.php,1
/~hessahli/img,1
/~hessahli/db_auth.php,1
/~hessahli/a_Users.php,1
/~hessahli/a_Team.php,1
/~hessahli/a_Staff.php,1
/~hessahli/a_Athlete.php,1
/~hessahli/a_InjRec.php,1
/~hessahli/a_InjTyp.php,1
/~ycao/team/new.php,1
/~ycao/tr_Team.php,1
/~ntaha,1
/~ntaha/maintenance/,32
/~ntaha/login/,49
/~ntaha/input/user.php,7
/~ntaha/utils/logout.php,7
/~ntaha/maintenance,2
/~ntaha/maintenance/index.php,3
/~ntaha/input/venue.php,2
/~ntaha/imprint,1
/~ntaha/imprint/,1
/~ntaha/search/details/orders.php,1
/~ycao/add_first_admin.php,2
/~ycao/search_injury_search,1
/~ycao/search_injury_search.html,5
/~ycao/search_injury_record_search.html,1
/~ycao/search_injury_record_search.php,1
/~ycao/search_injury_record_result.php,7
/~ycao/search_injury_record_detail.php,3
/~ycao/a_medTeam.php,1
/~ycao/index.php,1
/~azinovev/,1
/~azinovev/css/style.css,9
/~azinovev/img/fittrack-pro-logo.svg,9
/~azinovev/maintenance.html,26
/~azinovev/forms/search_hub.html,2
/~azinovev/index.html,3
/~azinovev/login,4
/~azinovev/login.py,16
/~azinovev/login.html,16
/~azinovev/forms/add_gym.html,1
/~abhave/about,2
/~abhave/_app/immutable/nodes/3.C7q6-hXC.js,2
/~abhave/_app/immutable/assets/3.Di8eh41-.css,2
/~abhave/..lib/images/world_simple_jigsaw.JPG,4
/~abhavef,1
/~kkonark/HW5/login.php,5
/~abhave/_app/immutable/entry/start.BSnaY571.js,3
/~abhave/_app/immutable/chunks/Dv3PNQEJ.js,3
/~abhave/_app/immutable/entry/app.9XLaF8PU.js,3
/~abhave/_app/immutable/nodes/1.CyjCRPRO.js,3
/~abhave/_app/immutable/assets/logo.v-v8bEVS.png,5
/~abhave/api/authenticate_users,7
/~abhave/api/,11
/~abhave/api,2
/~azinovev/test_login.py,1
/~azinovev/check_session.py,2
/~azinovev/forms/add_user.html,1
/~azinovev/add_user.py,1
/~abhave/index.php/api/authenticate_users,3
/~naliyev/bookreviews_input_site/maintenance.php,21
/~naliyev/bookreviews_input_site/pickers/picker.php,11
/~abhave/test.php,1
/~abhave/api/authenticate_users/,1
/~nakbogha/security-II/make_hash.php,1
/~nakbogha/admin/login.php,34
/~nakbogha/admin/make_hash.php,1
/~wasin/login.php,37
/~wasin/db_auth.php,10
/~wasin/add.php,1
/~wasin/maintenance.php,26
/~nakbogha/admin/index.html,16
/~wasin/index.html,7
/~wasin/a_Users.php,1
/~nakbogha/admin/tayyar/index.html,1
/~nakbogha/admin/tayyar/admin-staff.css,1
/~nakbogha/EasySearch_php/search_bookings_form.php,3
/~nakbogha/EasySearch_php/search_bookings_results.php,3
/~nakbogha/EasySearch_php/search_customers_form.php,6
/~nakbogha/EasySearch_php/search_customers_results.php,3
/~mstaykova/,1
/~mstaykova/img/icon-preference.png,7
/~mstaykova/img/icon-favourite.png,8
/~mstaykova/maintenance.php,12
/~mstaykova/login.php,19
/~mstaykova/img/icon-user.png,18
/~mstaykova/check_login.php,10
/~mstaykova/img/icon-animal.png,5
/~mstaykova/img/icon-dog.png,5
/~mstaykova/img/icon-cat.png,5
/~mstaykova/img/icon-fulfill.png,5
/~mstaykova/img/icon-link-sets.png,5
/~mstaykova/logout.php,3
/~nakbogha/EasySearch_php/customer_detail.php,2
/~mznaien/,44
/~mznaien/style.css,28
/~mznaien/img/logo.png,18
/img/hero-image.svg,35
/~mznaien/img/healthy-shopping.png,19
/~mznaien/img/scan-icon.png,17
/~mznaien/img/nutrition-icon.png,17
/~mznaien/img/alternative-icon.png,17
/~mznaien,2
/scanner.html,9
/~mznaien/maintenance.php,25
/style.css,37
/~mznaien/index.html,20
/~mznaien/index.php,5
/~mznaien/scanner.php,1
/~mznaien/scanner.html,5
/~mznaien/nutrition_extractor.js,5
/~mznaien/login.html,1
/~mznaien/login.php,57
/index.html,4
/index.php,6
/~naliyev/bookreviews_input_site/login.html,8
/~naliyev/bookreviews_input_site/login.php,15
/~naliyev/bookreviews_input_site,7
/~naliyev/bookreviews_input_site/,8
/~mznaien/imprint.html,2
/brands/add,3
/~nakbogha/admin/logout.php,3
/~naliyev/bookreviews_input_site/debug_login.php,1
/~username,3
/~naliyev/bookreviews_input_site/signin.php,7
/~naliyev/bookreviews_input_site/imprint.php,3
/~naliyev/bookreviews_input_site/index.html,2
/~kyuin/,1
/~kchoi/,6
/~kchoi/style.css,9
/~kchoi/img/logo.jpg,35
/~kchoi/img/back.jpg,35
/~wasin,3
/~mtomuyev,1
/~mtomuyev/,2
/~mtomuyev/style.css,2
/~mtomuyev/logo.jpeg,2
/~mtomuyev/index.html,1
/~mtomuyev/imprint.html,1
/~mtomuyev/img/logo.svg,3
/~kjurabaev/queries.html,3
/~kjurabaev/cgi-bin/query_form_generator.py,17
/~kchoi,2
/~kchoi/add_first_admin.php,2
/~kchoi/public_html,1
/~kchoi/a_Coach.php,1
/~kchoi/login.php,20
/~kchoi/index.html,3
/~kchoi/search.html,2
/~kchoi/maintenance.php,11
/~mznaien/login,5
/~kchoi/s_1.html,1
/~kchoi/a_Athlete.php,2
/~wasin/a_MedTeam.php,1
/~ycao,1
/~ycao/maintenance,1
/~wasin/a_Public.php,2
/~kchoi/r_Users.php,1
/~kchoi/r_Athlete.php,1
/~wasin/r_InjTyp.php,1
/~wasin/a_InjTyp.php,1
/~wasin/r_Public.php,1
/~kchoi/a_public.php,1
/~kchoi/a_Public.php,2
/~kchoi/r_Public.php,2
/~wasin/a_Athlete.php,1
/~hessahli/admin_seed.php,3
/login.html,2
/mznaien,1
/scanner.php,1
/~hessahli/backend/insert_contact.php,1
/~hessahli/search_form_2.php,1
/~hessahli/search_result_2.php,1
/~hessahli/input_user.html,2
/~rcozmolici/ass5/create_admin.php,2
/~rcozmolici/ass5/maintenance.php,9
/~rcozmolici/ass5/login.php,4
/~rcozmolici/ass5/add_team.php,6
/~rcozmolici/ass5/logout.php,2
/~rcozmolici/ass5/maintenance.html,1
/~rcozmolici/ass5/link_player_team.php,1
/~mznaien/logout.php,5
/~ycao/access_log.txt,2
/~ycao/error_log.txt,2
/~eyavuz,1
/~eyavuz/,7
/~eyavuz/app.css,2
/~eyavuz/api/upcomingmatches.php,38
/~achernii/signin.html,18
/js/theme.js,31
/~achernii/api/auth.php,4
/~achernii/maintenance.php,82
/~eyavuz/team.html,7
/~eyavuz/api/team.php,28
/~eyavuz/admin/login.php,27
/app.css,21
/signin.html,3
/~eyavuz/_make_hash,1
/~abhave/_app/immutable/entry/start.BkexP7dz.js,2
/~abhave/_app/immutable/chunks/B48Bqp7G.js,2
/~abhave/_app/immutable/chunks/Cavd1dVb.js,2
/~abhave/_app/immutable/chunks/uAJIio1x.js,2
/~abhave/_app/immutable/chunks/D6HNWT8u.js,2
/~abhave/_app/immutable/entry/app.Ba5UEMDi.js,2
/~abhave/_app/immutable/chunks/B5HnN_PL.js,2
/~abhave/_app/immutable/chunks/IvdbfGf4.js,2
/~abhave/_app/immutable/chunks/DpmEdNsQ.js,2
/~abhave/_app/immutable/chunks/BA14ZZkP.js,2
/~abhave/_app/immutable/chunks/DfmPHIVq.js,2
/~abhave/_app/immutable/nodes/0.MKyKhtKS.js,2
/~abhave/_app/immutable/chunks/Cw9BKSBn.js,2
/~abhave/_app/immutable/nodes/2.CGSmloI0.js,2
/~abhave/_app/immutable/chunks/ByN_BGIt.js,2
/~abhave/_app/immutable/chunks/Ms-OC9zy.js,2
/~abhave/_app/immutable/chunks/BylRoXaz.js,2
/~abhave/_app/immutable/nodes/1.C2D4D6uf.js,2
/~abhave/_app/immutable/assets/3.D98BPSm9.css,2
/~abhave/_app/immutable/nodes/3.DBGmMRvg.js,2
/~abhave/_app/immutable/chunks/BUjE_o8E.js,2
/~abhave/_app/immutable/nodes/4.2lLvERwT.js,2
/~abhave/_app/immutable/chunks/DH6qaq89.js,2
/~abhave/_app/immutable/assets/4.DNH78J0c.css,2
/~abhave/_app/immutable/assets/16.Db3T26lL.css,2
/~abhave/_app/immutable/nodes/16.Ct9jhFiv.js,2
/~abhave/_app/immutable/nodes/15.BYpfGcPI.js,1
/~abhave/_app/immutable/assets/15.i1l7M1vL.css,1
/~abhave/_app/immutable/assets/10.dxLZxAGQ.css,1
/~abhave/_app/immutable/nodes/10.DQAI6VtU.js,1
/~abhave/_app/immutable/assets/14.CTTs8b3V.css,1
/~abhave/_app/immutable/chunks/iwwHENQb.js,1
/~abhave/_app/immutable/nodes/14.Dd8k3Dq1.js,1
/~abhave/_app/immutable/nodes/11.B88ylTlw.js,1
/~abhave/_app/immutable/assets/11.ChfPDifA.css,1
/~abhave/_app/immutable/assets/12.gM0XQTyV.css,1
/~abhave/_app/immutable/nodes/12._mL7NwJ9.js,1
/~abhave/_app/immutable/assets/13.BpoTRLeW.css,1
/~abhave/_app/immutable/nodes/13.Dt3IMtQN.js,1
/~abhave/_app/immutable/nodes/23.D612jznD.js,1
/~abhave/_app/immutable/assets/23.dVYMTMX7.css,1
/~achernii/api/signin.php,405
/admin/dashboard.php,4
/~achernii/add/moderator.html,1
/~achernii/add/category.php,1
/~eyavuz/admin/dashboard.php,3
/~rcozmolici/ass8/weblog_eval.php,1
/~AMaghri/,1
/~amaghri/,1
/~aabasimel/,1
/~kjurabaev/start.html,2
/~kjurabaev/login.html,2
/~kjurabaev/cgi-bin/run_query.py,13
/~ycao/Github_link,1
/~ycao/Github_link/,1
/~rbelachew/index.php,23
/~rbelachew/gallery.html,2
/~eblascu/index.php,1
/~ycao/web_search.php,3
/~ycao/add.php,2
/~ycao/minus.php,23
/~ycao/kchoi_error_log.txt,2
/~ycao/kchoi_access_log.txt,2
/~achernii/public_html,1
/~achernii/index.php,54
/~achernii/test.php,1
/css/style.css,1
/js/auth_tools.js,5
/img/logo.png,5
/imprint.php,1
/~achernii/js/auth_tools.js,176
/~achernii/imprint.php,5
/~achernii/queries.php,18
/~achernii/query/threads_by_category.php,2
/~achernii/signin.php,43
/~achernii/query/feedback.php,2
/~achernii/query/reported_posts.php,3
/~achernii/query/entity_description.php,1
/~achernii/add/moderator.php,2
/~naliyev/bookreviews_input_site/signin_process.php,4
/~achernii/signup.php,10
/~achernii/add/user.php,1
/~achernii/add/reaction.php,1
/~achernii/add/targets.php,1
/~kkonark,1
/~kkonark/HW4/index.html,1
/~kkonark/HW4/style.css,1
/~kkonark/HW5/maintenance.php,2
/~kkonark/HW5/style.css,1
/~ntaha/input/seat.php,1
/~anmata/,20
/~anmata/test_logger.php,17
/~anmata/logs/analyze_logs.php,14
/categories/add,1
/products/add,1
/~rcozmolici/index.html,1
/~rcozmolici/login.html,1
/~iDzneladze,1
/~iDzneladze/,1
/~rjashari/,1
/~rjashari/db_connection.py,1
/~malgatay,1
/~malgatay/,7
/~azinovev//,1
/~azinovev//css/style.css,1
/~azinovev//img/fittrack-pro-logo.svg,1
/~lmoldovan/,1
/~lmoldovan/The-flask-app/templates/,1
/static/style.css,1
/static/campus_logo.png,1
/maintenance,2
/~sbugniht/,1
/~malgatay/style.css,27
/~malgatay/imprint.html,11
/~malgatay/index.html,22
/~malgatay/maintenance.html,26
/~malgatay/input_event.php,6
/~malgatay/input_users.php,11
/~malgatay/post_search.html,1
/~malgatay/event_search.html,5
/~malgatay/event_search.php,31
/~malgatay/test_db.php,1
/~malgatay/event_results.php,8
/~malgatay/post_search.php,15
/~malgatay/post_results.php,5
/~malgatay/input_posts.php,8
/~malgatay/input_category.php,6
/~malgatay/input_posttype.php,4
/~malgatay/input_event_category.php,2
/~malgatay/rsvp_search.php,11
/~malgatay/input_rsvpstatus.php,1
/~malgatay/user_search.php,2
/~malgatay/user_results.php,1
/~malgatay/user_detail.php,1
/~malgatay/list_roles.php,3
/~malgatay/list_users.php,3
/~malgatay/rsvp_detail.php,3
/~malgatay/rsvp_results.php,1
/~malgatay/input_user.php,2
/~eyavuz/api/search.php,40
/~eyavuz/index.html,8
/~eyavuz/imprint.html,1
/~eyavuz/style.css,2
/~eyavuz/maintenance.html,1
/~eyavuz/player.html,17
/~eyavuz/api/player.php,19
/~tkazim/,1
/~sgasimova/,1
/~nakhoga/,1
/~acherni,1
/~ycao/wasin_access_log.txt,2
/~ycao/wasin_error_log.txt,2
/~malgatay/about.html,3
/~nakbogha/,1
/~abanskota,1
/~abanskota/,1
/~abanskota/style.css,1
/HW4/img/UACS_logo.png,1
/~hessahli/input_category.html,1
/~hessahli/input_listing.html,1
/~hessahli/input_housing_listing.html,1
/~hessahli/input_sales_listing.html,1
/~hessahli/input_contact.html,1
/~hessahli/maintenance.html,1
